corporate_name_S2,main_customers,revenue,profit
Global Logistics LLC,Target Corp;Apple;General Electric,60304237,9641249
TechCorp Inc.,Target Corp,64572086,9375733
Apex Industries Incorporated,Walmart Inc;Amazon;US Government,18613409,1550107
Vertex Solutions LLC,Amazon;General Electric;Ford,14004609,1756464
Nova Energy LLC,Amazon;Ford;Walmart Inc,69851246,4535553
Quantum Retail Corp.,Ford,25850422,2910473
Horizon Health Group,Target Corp;Ford;Apple,85587774,20427811
Vanguard Aerospace Incorporated,Target Corp;US Government;Ford,89490061,17536012
Sterling Foods Corp.,General Electric;Amazon;US Government,93651530,17527254
Matrix Financial Inc.,Walmart Inc;Ford;Amazon,18590073,1517635
Global Logistics Inc.,Walmart Inc;US Government,65313851,4297866
TechCorp Group,Target Corp,23433082,5361903
Apex Industries Inc.,Walmart Inc;Target Corp;Amazon,66785798,6779909
Vertex Solutions Inc.,Walmart Inc,73108516,9969237
Nova Energy Co.,General Electric;US Government,78690720,6271426
Quantum Retail Ltd.,US Government,33998809,1755056
Horizon Health Incorporated,General Electric,99432998,7750059
Vanguard Aerospace International,Target Corp;US Government,30423545,4304793
Sterling Foods Group,Target Corp;US Government,16299838,3483356
Matrix Financial Incorporated,Ford,99043503,18594941
Global Logistics Co.,US Government;Walmart Inc;Apple,56533002,9472931
TechCorp Corp.,Target Corp;US Government,19506468,3607909
Apex Industries Inc.,General Electric;Walmart Inc;Apple,38686984,4378183
Vertex Solutions Inc.,Target Corp;General Electric;Apple,61498822,4819986
Nova Energy International,Ford;General Electric,93079365,14215637
Quantum Retail International,Target Corp;Apple,94559380,16971498
Horizon Health Co.,US Government,87768813,11745176
Vanguard Aerospace Corp.,Target Corp,14630025,1761178
Sterling Foods Group,US Government;Ford;Amazon,31275872,3805929
Matrix Financial Ltd.,US Government,83741369,20898834
Global Logistics Incorporated,General Electric,34154508,4957055
TechCorp LLC,Ford;Target Corp;US Government,76081433,5231720
Apex Industries Co.,Ford;Walmart Inc;General Electric,47188481,8697622
Vertex Solutions Group,Walmart Inc,80578686,12427599
Nova Energy LLC,Ford,53066244,13051723
Quantum Retail Ltd.,Walmart Inc;Amazon,10563999,736866
Horizon Health Group,General Electric;Walmart Inc,4095200,857875
Vanguard Aerospace Inc.,Walmart Inc,43796312,5770037
Sterling Foods International,Ford;Amazon;General Electric,92148378,21721720
Matrix Financial Co.,Walmart Inc;General Electric;Ford,20133458,3211447
Global Logistics International,Apple,1629432,219998
TechCorp LLC,Amazon;Apple,1807785,211895
Apex Industries LLC,US Government;Walmart Inc,97179702,13565747
Vertex Solutions Corp.,Apple,24744831,1880552
Nova Energy Inc.,Target Corp;Walmart Inc;Apple,21340099,3621532
Quantum Retail LLC,Amazon,15702330,1586979
Horizon Health Group,Walmart Inc;Apple;Ford,12324052,2535560
Vanguard Aerospace Inc.,Ford;Apple,24341764,2920556
Sterling Foods Inc.,Ford,97314701,21978593
Matrix Financial International,Walmart Inc;General Electric;Amazon,51508883,9073489
Global Logistics Group,Amazon,6265958,1428803
TechCorp Co.,Walmart Inc;Ford,12927085,2977437
Apex Industries Inc.,Ford;Amazon,40885619,7557093
Vertex Solutions Incorporated,General Electric;Apple;Walmart Inc,70030779,6367394
Nova Energy Co.,General Electric,50584800,4119444
Quantum Retail LLC,Ford,56844542,2893527
Horizon Health Group,Amazon,12761597,2918632
Vanguard Aerospace Incorporated,Walmart Inc,5556818,373017
Sterling Foods Corp.,Ford;Target Corp,9434649,1734741
Matrix Financial Incorporated,Amazon;Target Corp;Ford,30176393,5142722
Global Logistics Incorporated,General Electric;US Government,27985916,5283624
TechCorp International,Ford,30585455,7130774
Apex Industries Group,Target Corp;Walmart Inc,99798963,23129880
Vertex Solutions Incorporated,Ford;General Electric,98951552,15188995
Nova Energy Corp.,Walmart Inc;Ford;Amazon,72473918,6093711
Quantum Retail Ltd.,Target Corp;Apple,81632051,12811700
Horizon Health Inc.,Amazon;General Electric,10625854,625263
Vanguard Aerospace Ltd.,US Government;Walmart Inc;Ford,94754613,5573514
Sterling Foods Inc.,US Government;Apple;Walmart Inc,87943709,9476483
Matrix Financial Ltd.,Walmart Inc;US Government,60950433,4075367
Global Logistics Incorporated,Walmart Inc;Ford;General Electric,44743789,7010302
TechCorp Inc.,Ford;Target Corp;General Electric,45557951,4920627
Apex Industries International,Amazon,23445568,4698322
Vertex Solutions International,Walmart Inc;Apple,91008255,9291850
Nova Energy Co.,Ford;Walmart Inc,29080899,5814003
Quantum Retail Co.,Target Corp,32201882,5497417
Horizon Health Co.,General Electric;Walmart Inc;Apple,17012135,2701174
Vanguard Aerospace Corp.,General Electric;Amazon;Apple,19532783,4714524
Sterling Foods Incorporated,Walmart Inc,38694567,3329243
Matrix Financial Inc.,Walmart Inc;US Government,46611240,3216868
Global Logistics Ltd.,General Electric,95694255,19857138
TechCorp Corp.,Amazon,97403152,22049663
Apex Industries Inc.,US Government,71728711,3711563
Vertex Solutions Corp.,US Government;Ford,47010690,7143925
Nova Energy Incorporated,Walmart Inc,76403619,13577950
Quantum Retail Group,Target Corp,88843387,9246781
Horizon Health International,US Government;Ford,28834229,5815697
Vanguard Aerospace Ltd.,Walmart Inc;Amazon,45347033,7759526
Sterling Foods Incorporated,Walmart Inc;Amazon,77563053,8938749
Matrix Financial Corp.,Apple;Target Corp;Ford,58487625,8110582
Global Logistics Co.,Target Corp;Ford,57557295,6171644
TechCorp LLC,General Electric;Apple;Target Corp,32101984,5252238
Apex Industries Group,US Government;Ford,94693552,5860901
Vertex Solutions LLC,Walmart Inc;Amazon;Ford,76318131,7581333
Nova Energy Group,Walmart Inc,26678397,4413521
Quantum Retail Group,Apple;Ford,80981862,6778072
Horizon Health Inc.,Amazon,10226369,530900
Vanguard Aerospace Inc.,General Electric;Apple,83601951,20760813
Sterling Foods Co.,Target Corp;Walmart Inc;Ford,34905892,7660262
Matrix Financial LLC,General Electric;US Government;Ford,98934937,17151684
Global Logistics Group,Apple;General Electric,55655498,12861013
TechCorp Corp.,Walmart Inc;Ford;Target Corp,21751146,3434943
Apex Industries Inc.,US Government;Target Corp,50906954,5991283
Vertex Solutions Ltd.,Amazon;General Electric,37682900,8579920
Nova Energy Ltd.,Walmart Inc;General Electric;Apple,36149519,6766013
Quantum Retail Co.,General Electric;Walmart Inc,88765574,21682267
Horizon Health Ltd.,Amazon;US Government,38024676,4796048
Vanguard Aerospace Group,General Electric;US Government,19476107,3796023
Sterling Foods International,Amazon;US Government;Ford,86801075,21654919
Matrix Financial Group,Target Corp;Apple,55411364,8878613
Global Logistics Co.,Target Corp,43763518,4284583
TechCorp International,Amazon;US Government,37329623,9207302
Apex Industries Group,Walmart Inc;Amazon,31347590,5338263
Vertex Solutions Co.,General Electric;Apple,98405136,9900341
Nova Energy Co.,Target Corp;US Government,55802205,12663932
Quantum Retail Inc.,General Electric;Target Corp,59376022,5876388
Horizon Health Group,General Electric,79151044,19708871
Vanguard Aerospace Corp.,Ford;Amazon;Target Corp,9876728,825243
Sterling Foods Group,Ford;Walmart Inc;Apple,18494050,4072181
Matrix Financial Co.,Walmart Inc,56600258,11762598
Global Logistics LLC,Walmart Inc,34856797,7478953
TechCorp Corp.,General Electric;Walmart Inc,73893323,7866358
Apex Industries Co.,General Electric;Target Corp,86414416,14840534
Vertex Solutions Incorporated,Walmart Inc;Ford;General Electric,79349044,18029350
Nova Energy International,General Electric;Ford;Apple,13109417,2221451
Quantum Retail Ltd.,Target Corp;US Government,39339072,6647448
Horizon Health International,Apple,1447734,169582
Vanguard Aerospace International,Target Corp,1046823,200299
Sterling Foods Incorporated,Walmart Inc;Apple;Ford,49534491,3275236
Matrix Financial Inc.,Walmart Inc,47793334,2836347
Global Logistics Co.,Amazon;General Electric;Apple,78947214,14179875
TechCorp Incorporated,General Electric;Ford;US Government,67451171,14397469
Apex Industries Ltd.,Target Corp;General Electric,42220422,4664160
Vertex Solutions Group,Walmart Inc;Apple,55253197,13098000
Nova Energy Corp.,Ford,94816117,22465546
Quantum Retail Ltd.,General Electric;Apple;US Government,67219526,7280823
Horizon Health LLC,General Electric;Target Corp,32362437,2981774
Vanguard Aerospace Group,Walmart Inc;General Electric;Target Corp,93080422,20256058
Sterling Foods Incorporated,Amazon;General Electric;Target Corp,66079051,13181607
Matrix Financial Ltd.,US Government,83297517,6303585
Global Logistics Co.,Target Corp;Ford,21522392,4716284
TechCorp International,General Electric;Apple,89006101,8334718
Apex Industries LLC,Walmart Inc,13039644,2114749
Vertex Solutions Inc.,US Government;Ford;Amazon,46436249,9154399
Nova Energy International,US Government,88238610,8273195
Quantum Retail Group,Walmart Inc,99875732,6593896
Horizon Health Incorporated,Target Corp;US Government;Ford,53343329,3717484
Vanguard Aerospace Corp.,Target Corp;US Government,7331422,567906
Sterling Foods Co.,US Government,83808976,6945765
Matrix Financial Co.,General Electric,57990586,3553162
Global Logistics Corp.,US Government;General Electric,31189617,5444430
TechCorp Ltd.,Amazon;Ford,82098575,7855842
Apex Industries LLC,US Government,5859884,1249630
Vertex Solutions Co.,Walmart Inc;General Electric,27936311,2684288
Nova Energy Inc.,Ford;Apple;Walmart Inc,41269430,3277211
Quantum Retail Corp.,Amazon;General Electric;Target Corp,72548376,6607554
Horizon Health Ltd.,Walmart Inc;General Electric,45370382,5704438
Vanguard Aerospace Corp.,US Government;Target Corp;Apple,9666495,1457068
Sterling Foods LLC,Walmart Inc;US Government;Amazon,35499125,6535900
Matrix Financial Inc.,Ford,46146936,7421745
Global Logistics Inc.,US Government;Ford;Amazon,39122191,3823160
TechCorp Group,US Government;Amazon;Ford,61266568,9737983
Apex Industries Incorporated,Amazon;Target Corp;Ford,40669773,4090589
Vertex Solutions Co.,Target Corp;Apple;General Electric,98009805,13949177
Nova Energy Group,Ford;US Government;Walmart Inc,69932803,9720198
Quantum Retail Co.,Target Corp;Walmart Inc,94729266,21170503
Horizon Health International,Target Corp;General Electric;US Government,15519191,1043470
Vanguard Aerospace Co.,Apple;Ford,66704337,4341991
Sterling Foods Ltd.,Target Corp;General Electric,45596442,5806218
Matrix Financial International,Amazon;US Government;Target Corp,5646927,714913
Global Logistics LLC,Ford;Target Corp;US Government,30117721,5407020
TechCorp LLC,General Electric;Target Corp,84719938,6455465
Apex Industries LLC,Target Corp;Amazon,73203202,17437178
Vertex Solutions Co.,US Government,64554269,13411273
Nova Energy LLC,Amazon;Target Corp;Ford,93947668,16286123
Quantum Retail Corp.,US Government;Ford,93420592,8298009
Horizon Health Corp.,Amazon;Target Corp,76429946,14862680
Vanguard Aerospace Incorporated,US Government;Apple;Walmart Inc,54373676,4155188
Sterling Foods Ltd.,Walmart Inc;Amazon;US Government,7311322,1258795
Matrix Financial Corp.,Walmart Inc;Apple,67404407,14656551
Global Logistics Incorporated,Walmart Inc;Apple;Target Corp,65748418,10137363
TechCorp Inc.,Amazon;Target Corp;Walmart Inc,95322863,16297324
Apex Industries LLC,Target Corp;Walmart Inc,19614341,2508269
Vertex Solutions Ltd.,Walmart Inc,95354915,17676734
Nova Energy Inc.,Ford,46011342,10077482
Quantum Retail Incorporated,US Government,13523808,1077265
Horizon Health LLC,General Electric;Apple;Target Corp,50676823,7212854
Vanguard Aerospace Incorporated,US Government,32580664,2089297
Sterling Foods Incorporated,Target Corp,94998785,9851321
Matrix Financial Incorporated,US Government;Amazon;Walmart Inc,47882826,11633696
Global Logistics Incorporated,Apple,22486740,1391480
TechCorp Ltd.,US Government;General Electric;Apple,52739199,12091240
Apex Industries LLC,Target Corp;General Electric;Apple,33144625,2375410
Vertex Solutions Co.,Walmart Inc;US Government,41872385,2635422
Nova Energy Ltd.,Walmart Inc;Ford,20220809,4425447
Quantum Retail Ltd.,General Electric;Apple;Walmart Inc,90075739,8785129
Horizon Health LLC,General Electric,82372528,5111160
Vanguard Aerospace International,Amazon,45450865,6873877
Sterling Foods Incorporated,Target Corp;Apple,58710350,10042649
Matrix Financial Ltd.,Ford;Apple,16086363,2140443
Global Logistics Inc.,Walmart Inc;Apple;Ford,10969852,1730023
TechCorp Group,General Electric;Target Corp,95865288,22938344
Apex Industries Co.,Apple;General Electric;Amazon,57479620,12564732
Vertex Solutions Group,General Electric;Apple,78833515,8174693
Nova Energy Group,Amazon,68622893,7151113
Quantum Retail Co.,Amazon;Ford;Walmart Inc,9502866,2267821
Horizon Health Group,Amazon,98818455,23950578
Vanguard Aerospace Inc.,Ford,74398249,4498084
Sterling Foods International,General Electric,99556704,16396514
Matrix Financial Co.,Amazon;General Electric,78400401,15867279
Global Logistics Group,Apple;Ford,3831450,280130
TechCorp Incorporated,Apple;General Electric;Ford,68270374,9032833
Apex Industries Ltd.,Walmart Inc;Amazon;Target Corp,68771193,16960291
Vertex Solutions International,Apple,94006737,6502700
Nova Energy Group,Walmart Inc,66170223,5393064
Quantum Retail Inc.,US Government,9776717,1117768
Horizon Health Group,Walmart Inc;Apple;Amazon,16572212,1156009
Vanguard Aerospace International,Amazon,11600678,928748
Sterling Foods Incorporated,General Electric;US Government;Amazon,89434396,12861894
Matrix Financial Corp.,Ford;Walmart Inc,79501893,19454954
Global Logistics International,Amazon;Apple,30414461,4279850
TechCorp Corp.,Amazon,31982679,7233660
Apex Industries LLC,US Government;General Electric;Ford,59884078,7728122
Vertex Solutions Group,Ford,57799365,8177948
Nova Energy Incorporated,General Electric;Amazon;US Government,5612565,688187
Quantum Retail Ltd.,US Government;Ford;Amazon,61333488,10230692
Horizon Health LLC,Walmart Inc;Target Corp,43420397,4844485
Vanguard Aerospace Incorporated,Target Corp;General Electric;Amazon,98372125,21089687
Sterling Foods Co.,Ford,42673577,8796839
Matrix Financial Inc.,General Electric;Ford;Apple,74038026,4782824
Global Logistics LLC,Apple,66006022,4562692
TechCorp Corp.,Apple;General Electric,2133976,354593
Apex Industries Inc.,Ford;General Electric,20812884,4887628
Vertex Solutions LLC,Walmart Inc;Ford;General Electric,26810293,2850618
Nova Energy Ltd.,Amazon;US Government,69815686,11144554
Quantum Retail Group,Target Corp;Ford,85200278,6679908
Horizon Health Incorporated,Apple,11830285,1016709
Vanguard Aerospace Co.,Walmart Inc,1039453,108559
Sterling Foods International,Target Corp;Ford;US Government,27218072,2999005
Matrix Financial LLC,Apple,43553327,4851791
Global Logistics Inc.,Walmart Inc;Amazon;Apple,38829199,6473057
TechCorp Corp.,Target Corp;Apple;Walmart Inc,48861204,11356798
Apex Industries Corp.,US Government;General Electric;Apple,4048568,901125
Vertex Solutions Group,Apple,79800595,18584095
Nova Energy Inc.,Amazon,78350710,14497444
Quantum Retail LLC,Target Corp;Walmart Inc,85583397,15839612
Horizon Health Group,Ford,92118191,11400386
Vanguard Aerospace Ltd.,Apple;Walmart Inc;Target Corp,96483642,13034721
Sterling Foods Ltd.,US Government;Amazon;Apple,22550081,5438645
Matrix Financial Ltd.,Target Corp;Ford,35404160,5818803
Global Logistics Inc.,Ford,99742107,9495382
TechCorp Incorporated,Walmart Inc,44718468,4769664
Apex Industries LLC,Apple;Amazon;Ford,19653112,3690769
Vertex Solutions LLC,Target Corp;Walmart Inc;US Government,14198517,3210909
Nova Energy Ltd.,US Government,86028543,16856295
Quantum Retail Ltd.,Target Corp;Amazon;Walmart Inc,39150541,9559002
Horizon Health International,General Electric;Amazon,15426179,2319181
Vanguard Aerospace Co.,Amazon;Target Corp;Apple,90127120,20340854
Sterling Foods Incorporated,Ford;Target Corp;US Government,17862228,2044705
Matrix Financial International,Target Corp;General Electric;Walmart Inc,28785766,2227485
Global Logistics LLC,General Electric,29025067,3619583
TechCorp Inc.,Target Corp,62431564,3890632
Apex Industries Corp.,Walmart Inc;Amazon;Target Corp,53214801,12245384
Vertex Solutions Ltd.,Apple,90805626,11474750
Nova Energy LLC,Amazon,50542482,8540367
Quantum Retail Co.,Target Corp;Ford;US Government,43876319,9395932
Horizon Health Inc.,Amazon,75204133,10076219
Vanguard Aerospace Corp.,US Government;Apple;Target Corp,10392502,841811
Sterling Foods Incorporated,Walmart Inc;Target Corp,61661521,7586653
Matrix Financial Corp.,Apple;Walmart Inc,33875659,4071503
Global Logistics LLC,Amazon;Target Corp;US Government,91708825,11694765
TechCorp Ltd.,Amazon,79166335,10519233
Apex Industries Corp.,Ford,4797161,1062499
Vertex Solutions Group,Amazon,21429591,1818553
Nova Energy Corp.,Target Corp,78656995,19045702
Quantum Retail Ltd.,Walmart Inc;General Electric,44049449,4007361
Horizon Health Corp.,Amazon;Walmart Inc;US Government,62732066,6818548
Vanguard Aerospace International,General Electric;Walmart Inc,18886723,4001856
Sterling Foods Group,US Government;General Electric,6331823,1297278
Matrix Financial Co.,Target Corp,18065323,1236894
Global Logistics Ltd.,Walmart Inc;Amazon;Target Corp,28088619,2364193
TechCorp Group,Walmart Inc;Target Corp,19202284,2789105
Apex Industries Inc.,Target Corp;US Government;Ford,88282081,7961388
Vertex Solutions Incorporated,Amazon,45097840,3192978
Nova Energy Ltd.,Amazon;Walmart Inc;US Government,98165860,10483040
Quantum Retail Ltd.,Target Corp;General Electric,2110157,443111
Horizon Health Corp.,Apple;Ford;US Government,26663268,4729311
Vanguard Aerospace Co.,Amazon;US Government,50644496,12352860
Sterling Foods Co.,Ford;Target Corp;US Government,90833096,8889283
Matrix Financial Corp.,Walmart Inc;Amazon;US Government,94871551,11197488
Global Logistics Inc.,Amazon,81138146,10068050
TechCorp Ltd.,US Government;Apple,11400858,896526
Apex Industries International,Amazon;Walmart Inc;US Government,50358224,4878420
Vertex Solutions Ltd.,Apple,80249812,7029727
Nova Energy Co.,Walmart Inc;General Electric;Amazon,35249288,7771354
Quantum Retail Co.,Ford,79977264,16080626
Horizon Health Group,Target Corp;US Government,88005998,18436132
Vanguard Aerospace Ltd.,Apple,81693688,12441000
Sterling Foods Incorporated,Amazon,15800128,3855306
Matrix Financial LLC,Target Corp;US Government,20161551,3617930
Global Logistics Corp.,Target Corp,13410445,1421202
TechCorp Incorporated,General Electric;Walmart Inc,70459133,13728626
Apex Industries LLC,Ford;General Electric,17107084,3531992
Vertex Solutions Inc.,General Electric;Amazon;Apple,40482392,8554180
Nova Energy Corp.,US Government;Apple;Walmart Inc,92510152,15166310
Quantum Retail Group,Target Corp;Amazon;Ford,73022107,16125948
Horizon Health Corp.,Walmart Inc,37900322,2200295
Vanguard Aerospace Co.,Amazon;Target Corp;General Electric,15931240,1046017
Sterling Foods Corp.,Amazon,29712214,7172425
Matrix Financial Inc.,Target Corp,57001690,4563206
Global Logistics Ltd.,Walmart Inc;Apple;Amazon,89338751,6195872
TechCorp Co.,Apple;Target Corp;Walmart Inc,57729274,9689844
Apex Industries Co.,Ford;General Electric;US Government,44141377,8412670
Vertex Solutions Inc.,Apple;General Electric,67626833,8401176
Nova Energy LLC,Amazon,89285593,13459864
Quantum Retail Corp.,Apple;Target Corp,95567045,23265628
Horizon Health Co.,Amazon,70349457,9326505
Vanguard Aerospace Group,Walmart Inc;Target Corp,46665122,11296557
Sterling Foods Co.,US Government;Amazon,26358484,2605697
Matrix Financial Incorporated,Apple;Walmart Inc;Ford,33416266,7322435
Global Logistics Inc.,US Government,5862153,1449943
TechCorp International,Amazon;General Electric,63530088,5162961
Apex Industries Co.,US Government;General Electric,74563924,9415518
Vertex Solutions International,US Government;Amazon,6286099,440116
Nova Energy Group,Apple,91746306,5565298
Quantum Retail Group,Ford;Walmart Inc,30735941,2946126
Horizon Health LLC,Target Corp;Ford,1123700,229545
Vanguard Aerospace Ltd.,Amazon;General Electric,69416547,11196795
Sterling Foods International,Walmart Inc,65964756,16196550
Matrix Financial Group,Walmart Inc;Amazon,6139498,650475
Global Logistics Group,Walmart Inc;US Government;Target Corp,11085888,1177717
TechCorp Inc.,Apple;Ford,35683008,4347282
Apex Industries Incorporated,Walmart Inc;Ford;Target Corp,3067228,604572
Vertex Solutions Ltd.,US Government;Walmart Inc,47629791,4750940
Nova Energy Inc.,Ford,63468089,12804776
Quantum Retail Ltd.,US Government,43746127,10643128
Horizon Health Corp.,US Government;Amazon,79887116,13522627
Vanguard Aerospace Ltd.,Walmart Inc;Target Corp,40536328,2890927
Sterling Foods Incorporated,General Electric;US Government,85422751,18068155
Matrix Financial LLC,Walmart Inc;Ford;Apple,71229976,11488465
Global Logistics Co.,Ford,23054656,4707404
TechCorp Ltd.,Amazon;Target Corp;Ford,93651360,9883929
Apex Industries Incorporated,Apple,16727970,3315719
Vertex Solutions Corp.,Apple;General Electric;Walmart Inc,51116485,9851520
Nova Energy Ltd.,Target Corp;US Government,77512883,4976394
Quantum Retail Group,Ford,93241156,14263128
Horizon Health International,Ford;Walmart Inc,53864433,9726746
Vanguard Aerospace Co.,Ford,56049095,11662738
Sterling Foods LLC,Walmart Inc,29547700,6079349
Matrix Financial Ltd.,US Government;General Electric;Ford,52966202,11715983
Global Logistics LLC,US Government,66370766,10686622
TechCorp LLC,Target Corp,66859020,6494866
Apex Industries Corp.,Amazon,86811773,21423783
Vertex Solutions Incorporated,Ford;General Electric,92219030,20084818
Nova Energy Inc.,Amazon;Apple,44577042,5885767
Quantum Retail Group,Apple;Target Corp,1674628,159250
Horizon Health Ltd.,Target Corp,59576718,6417307
Vanguard Aerospace International,Ford;Amazon,29841272,7270706
Sterling Foods Inc.,Amazon,9127112,1883980
Matrix Financial Corp.,Ford,35837278,4161605
Global Logistics Ltd.,Amazon;US Government;Target Corp,55243289,6904971
TechCorp Co.,General Electric;Amazon,85854669,14769074
Apex Industries Ltd.,US Government;Amazon,96410943,23650543
Vertex Solutions Ltd.,Walmart Inc;Amazon,15571807,2088904
Nova Energy Co.,Target Corp;Walmart Inc;Amazon,858133,175539
Quantum Retail Group,Apple,53657278,3775309
Horizon Health Group,General Electric,31179964,4078691
Vanguard Aerospace Group,Ford;General Electric;Target Corp,69389950,6971287
Sterling Foods Inc.,Amazon;US Government;Walmart Inc,29909373,4390988
Matrix Financial Co.,US Government;General Electric;Target Corp,33400411,6463986
Global Logistics Ltd.,Walmart Inc,66351826,11326060
TechCorp Co.,Target Corp,29814622,1648119
Apex Industries Group,Walmart Inc,1506427,351898
Vertex Solutions International,Walmart Inc,29143080,1590608
Nova Energy Incorporated,Target Corp;General Electric,49625989,11277811
Quantum Retail International,Ford,30763381,5433806
Horizon Health Corp.,Ford;Target Corp;General Electric,32833597,5970435
Vanguard Aerospace Co.,General Electric;Apple,47958087,2979394
Sterling Foods Inc.,US Government,86192133,6072938
Matrix Financial Ltd.,US Government;Ford,43766225,9948227
Global Logistics Co.,Ford,65141063,6501570
TechCorp Group,Amazon,19459971,2305049
Apex Industries Inc.,General Electric,59090932,9362097
Vertex Solutions Group,Target Corp;Walmart Inc;US Government,78472155,9273476
Nova Energy Co.,General Electric;Target Corp,46085145,2345046
Quantum Retail Co.,Amazon;US Government,85660530,10560399
Horizon Health Incorporated,Target Corp,22764244,3482884
Vanguard Aerospace Incorporated,US Government,67826071,8093194
Sterling Foods Inc.,US Government;General Electric;Walmart Inc,9046367,472158
Matrix Financial Incorporated,Walmart Inc;Amazon,13623041,2920645
Global Logistics Co.,Amazon;Target Corp,60155821,11259877
TechCorp Incorporated,Amazon,10304841,2551127
Apex Industries Group,Amazon;Target Corp;US Government,70968905,12315252
Vertex Solutions Corp.,Amazon;Walmart Inc,37561806,8022293
Nova Energy LLC,Amazon;General Electric;Walmart Inc,74484362,11813987
Quantum Retail LLC,Target Corp,84437051,8815201
Horizon Health International,Ford;Target Corp,91213417,21376674
Vanguard Aerospace Group,US Government;Walmart Inc;General Electric,45572517,7229541
Sterling Foods Inc.,General Electric,14065035,845839
Matrix Financial Corp.,US Government;Walmart Inc,93800119,8981428
Global Logistics Inc.,Walmart Inc;Apple,72017621,7542828
TechCorp Incorporated,Walmart Inc,11191903,1979205
Apex Industries LLC,Target Corp;Walmart Inc;Apple,40607183,6846479
Vertex Solutions Co.,Amazon;Walmart Inc;General Electric,80515361,12451750
Nova Energy Group,Target Corp;Apple;General Electric,60413804,9180035
Quantum Retail Group,General Electric,23432803,5733774
Horizon Health Corp.,General Electric;US Government,6081815,912768
Vanguard Aerospace Incorporated,General Electric;Apple,61164648,11826836
Sterling Foods Ltd.,General Electric,67179733,7710051
Matrix Financial International,General Electric,43118681,4491090
Global Logistics Corp.,Walmart Inc;Target Corp,62621415,7612330
TechCorp Incorporated,US Government;Amazon;General Electric,56612936,11809205
Apex Industries Corp.,Ford,43578544,7575300
Vertex Solutions Ltd.,Walmart Inc,64200069,10283724
Nova Energy Incorporated,Ford,42890454,5835846
Quantum Retail Corp.,US Government;Apple,35924692,7433915
Horizon Health Incorporated,Amazon;Ford,97702238,21204349
Vanguard Aerospace Ltd.,General Electric,40197534,9172019
Sterling Foods Group,Walmart Inc;Target Corp,21406046,2178537
Matrix Financial Group,Target Corp;Amazon,73922512,7781214
Global Logistics Corp.,Apple;Amazon,81551609,12860691
TechCorp Ltd.,General Electric,9730300,1772815
Apex Industries Ltd.,Ford,29701247,3357651
Vertex Solutions Group,Target Corp;Apple,8649622,713988
Nova Energy Co.,Ford,25350336,3592715
Quantum Retail Ltd.,General Electric;Apple;Walmart Inc,2474173,543249
Horizon Health Group,Walmart Inc,85080646,8200066
Vanguard Aerospace Ltd.,US Government;Target Corp,2488553,352059
Sterling Foods Incorporated,Walmart Inc;US Government,81632411,16444910
Matrix Financial Co.,Amazon;Target Corp,20655329,3987730
Global Logistics Group,Amazon,25275009,3292363
TechCorp International,US Government,7722395,1533933
Apex Industries Group,Walmart Inc;Amazon;Ford,51381042,8874310
Vertex Solutions Incorporated,Ford;Amazon;Apple,89032361,8712781
Nova Energy Corp.,Walmart Inc,4382542,692519
Quantum Retail Group,Target Corp;Ford;Walmart Inc,21562230,2061795
Horizon Health International,US Government,79553254,11228486
Vanguard Aerospace Ltd.,Ford,78080349,6686655
Sterling Foods Corp.,Walmart Inc;General Electric,82366086,20402806
Matrix Financial Inc.,Apple,54900886,12638429
Global Logistics International,Walmart Inc,8135665,724884
TechCorp Incorporated,Apple;General Electric,80456447,12003183
Apex Industries Corp.,Ford;Walmart Inc;Apple,38361812,5720133
Vertex Solutions Corp.,Ford;Amazon,34923340,8117179
Nova Energy Co.,General Electric;Ford;Apple,7769778,1282230
Quantum Retail Corp.,Walmart Inc;Target Corp,3562226,450319
Horizon Health Co.,US Government,1081837,109523
Vanguard Aerospace Corp.,General Electric;Apple;Walmart Inc,53128225,10072235
Sterling Foods Group,Amazon;Target Corp;General Electric,74773770,8213704
Matrix Financial LLC,Walmart Inc;Target Corp,45035193,7381904
Global Logistics Co.,Amazon,4961101,771732
TechCorp International,Amazon;General Electric,56930249,4873885
Apex Industries Corp.,Amazon,48592607,3158896
Vertex Solutions Ltd.,Amazon;Ford;US Government,5440297,650199
Nova Energy Incorporated,Target Corp;US Government,77668539,16034091
Quantum Retail Group,Apple,51172384,2726580
Horizon Health Inc.,Amazon;Apple;Target Corp,38489037,6819436
Vanguard Aerospace Co.,Ford;Apple;US Government,17066980,3230701
Sterling Foods International,Amazon;Target Corp,21863463,1798170
Matrix Financial Incorporated,Walmart Inc;Target Corp;US Government,65618237,15935858
Global Logistics Group,Target Corp;Ford,83479428,7010409
TechCorp LLC,US Government;Apple,33938599,5160885
Apex Industries International,Walmart Inc;Target Corp;Ford,12742029,2613042
Vertex Solutions Group,Amazon,18758289,2538840
Nova Energy Incorporated,Amazon;Target Corp;General Electric,37203004,5400441
Quantum Retail Corp.,Apple;Ford;General Electric,69915235,6881697
Horizon Health Incorporated,Ford;US Government;Walmart Inc,1900595,316974
Vanguard Aerospace Group,General Electric;Ford,35313223,8608620
Sterling Foods LLC,Apple;Target Corp;General Electric,53847847,12365747
Matrix Financial Inc.,Ford;Amazon,97210079,11058083
Global Logistics International,Walmart Inc;Amazon;Target Corp,8864268,1658504
TechCorp Group,Ford;Amazon;Target Corp,80569569,4183815
Apex Industries Group,Target Corp;Amazon;Walmart Inc,14285793,2094743
Vertex Solutions Inc.,Target Corp;Walmart Inc,87399268,9609003
Nova Energy Group,Apple;Amazon;General Electric,9960561,1248435
Quantum Retail Ltd.,US Government,31524172,6679184
Horizon Health Group,General Electric;Walmart Inc;Ford,77580368,5111828
Vanguard Aerospace Inc.,General Electric;Apple,17484412,1245344
Sterling Foods Group,Walmart Inc;General Electric;Apple,77935351,14739241
Matrix Financial Group,Walmart Inc;Target Corp;Apple,16053704,3322164
Global Logistics Ltd.,Walmart Inc,24112096,5984539
TechCorp International,Walmart Inc,98336041,24172849
Apex Industries Incorporated,Ford,53060993,11666242
Vertex Solutions International,Apple,91861330,4604114
Nova Energy LLC,Ford;Apple;General Electric,63925139,6355699
Quantum Retail Incorporated,Ford,30113600,1734629
Horizon Health LLC,Apple;Ford;Amazon,58923113,3490870
Vanguard Aerospace Group,Amazon,27820365,6930709
Sterling Foods Inc.,Target Corp;Apple,58262440,7786505
Matrix Financial Incorporated,Walmart Inc;Apple;US Government,81256324,5070167
Global Logistics Group,General Electric;Target Corp;Walmart Inc,5183860,1151430
TechCorp Ltd.,US Government;General Electric;Apple,72208524,16947208
Apex Industries Corp.,Apple,35047525,6403206
Vertex Solutions International,Ford;Apple;Walmart Inc,80105332,10027236
Nova Energy Group,Amazon,97926401,24180720
Quantum Retail Ltd.,Apple;Ford;US Government,35143035,6955144
Horizon Health Co.,US Government;Target Corp;General Electric,43305518,6796847
Vanguard Aerospace Ltd.,Amazon;Target Corp;US Government,26717623,5566200
Sterling Foods Inc.,Walmart Inc;Amazon;Ford,74074512,16148041
Matrix Financial Ltd.,Ford;Amazon;Walmart Inc,72086088,6471457
Global Logistics Group,US Government;Walmart Inc,69770912,7751031
TechCorp Incorporated,Ford;Amazon,38840061,9053978
Apex Industries Incorporated,Target Corp,34463581,1810885
Vertex Solutions Co.,Apple,42287150,3923353
Nova Energy Corp.,US Government;Amazon,9625719,876612
Quantum Retail Incorporated,Target Corp;Apple,88262162,15834368
Horizon Health Inc.,General Electric,68170941,3485838
Vanguard Aerospace Corp.,Ford;Amazon,47324760,4746077
Sterling Foods International,Walmart Inc;General Electric,43044939,5489922
Matrix Financial Inc.,Apple;Amazon,48292779,6289213
Global Logistics LLC,Amazon,95123164,22271285
TechCorp Ltd.,Target Corp,7806257,935496
Apex Industries Co.,Apple;Amazon,96235017,14091144
Vertex Solutions Ltd.,US Government,12752978,2112622
Nova Energy Ltd.,Target Corp,6723740,591616
Quantum Retail Corp.,Target Corp;Apple,40948297,9928225
Horizon Health LLC,Amazon,38042897,4418004
Vanguard Aerospace Inc.,General Electric;US Government;Walmart Inc,44918194,6196552
Sterling Foods Group,US Government;Ford,57541277,3426473
Matrix Financial Incorporated,Ford;Target Corp;US Government,5149167,1123592
Global Logistics Group,Apple;Walmart Inc,4100248,265944
TechCorp Incorporated,Target Corp;Amazon;Walmart Inc,38599212,4356947
Apex Industries Ltd.,Ford;Amazon,46839940,10365830
Vertex Solutions Incorporated,Ford,32473692,4237060
Nova Energy Co.,US Government;Walmart Inc,33548982,6554554
Quantum Retail International,Target Corp;Walmart Inc;General Electric,52265581,9820861
Horizon Health Corp.,Amazon;Target Corp,35165038,2589424
Vanguard Aerospace Inc.,Amazon,1041247,81734
Sterling Foods LLC,Ford;US Government;Walmart Inc,24744465,2933241
Matrix Financial Ltd.,Walmart Inc,92097217,22034248
Global Logistics Corp.,Apple;Target Corp;US Government,71851609,17456224
TechCorp Inc.,Walmart Inc;US Government;Target Corp,19904902,2261879
Apex Industries Corp.,General Electric;Amazon;US Government,68443708,11960002
Vertex Solutions Corp.,Amazon;US Government;General Electric,30898914,3099369
Nova Energy Group,Target Corp;Apple;General Electric,29896091,7044322
Quantum Retail LLC,Target Corp,74997541,16144862
Horizon Health Co.,Amazon;Target Corp;Walmart Inc,39489280,4514114
Vanguard Aerospace Ltd.,US Government;General Electric;Walmart Inc,42457659,3116892
Sterling Foods Co.,Target Corp;Amazon,53685184,7408233
Matrix Financial Ltd.,General Electric;Ford,79030907,10028175
Global Logistics Group,Apple,52196283,9121256
TechCorp Inc.,Amazon;Target Corp,13998984,2278474
Apex Industries Corp.,Amazon,69141430,8639562
Vertex Solutions Ltd.,US Government;Apple;Target Corp,77582583,15181829
Nova Energy Corp.,General Electric;Target Corp;Amazon,41792298,8494125
Quantum Retail Corp.,Apple;US Government,74283767,11423624
Horizon Health Inc.,Walmart Inc,59476664,14769010
Vanguard Aerospace Co.,Walmart Inc;Apple;US Government,24967333,1715859
Sterling Foods Group,Walmart Inc;General Electric;Target Corp,78109096,16481675
Matrix Financial International,Ford,71161041,12063593
Global Logistics Co.,Walmart Inc;Ford,33011810,7865193
TechCorp Co.,Walmart Inc;Ford,60531601,8665831
Apex Industries Ltd.,Ford,65015273,4996939
Vertex Solutions Group,Walmart Inc;US Government,85404677,17247959
Nova Energy Ltd.,General Electric,77668248,9466465
Quantum Retail Inc.,Walmart Inc,70580181,10600143
Horizon Health Incorporated,Target Corp;Apple;Amazon,45778836,8474848
Vanguard Aerospace Inc.,US Government;Target Corp;Apple,52005970,5122143
Sterling Foods Group,Walmart Inc;General Electric,28002531,5497320
Matrix Financial Group,Amazon;Target Corp;General Electric,78924661,6063772
Global Logistics Incorporated,Target Corp;US Government,63553787,13223773
TechCorp Inc.,Ford;Target Corp,40506526,4143071
Apex Industries Incorporated,Target Corp;Amazon;Ford,25191056,2151926
Vertex Solutions Incorporated,Walmart Inc;General Electric,77407696,13566643
Nova Energy International,Ford,63858942,7549339
Quantum Retail Inc.,Target Corp;Amazon;Ford,55314993,3935518
Horizon Health Corp.,Target Corp;Apple,52359399,8441985
Vanguard Aerospace Incorporated,Target Corp;General Electric;Amazon,93908311,8333520
Sterling Foods Co.,Target Corp;Amazon;US Government,37227820,3187199
Matrix Financial LLC,General Electric;Ford;Walmart Inc,85661923,5813116
Global Logistics LLC,Target Corp,66735670,15400527
TechCorp Co.,US Government;Apple,20279709,1187602
Apex Industries Ltd.,US Government;Walmart Inc;General Electric,80874496,15550769
Vertex Solutions Incorporated,US Government;Target Corp,42279627,6278930
Nova Energy Co.,Amazon;Target Corp;Ford,59669527,10209423
Quantum Retail Incorporated,Amazon;General Electric,43790835,4466622
Horizon Health Corp.,General Electric;US Government,86528209,18022655
Vanguard Aerospace Group,Apple;Amazon;Walmart Inc,96597305,5341408
Sterling Foods Group,Apple,3763149,889651
Matrix Financial Group,Amazon;US Government,98347026,8061444
Global Logistics Incorporated,Amazon;General Electric;Apple,40674444,5449285
TechCorp Inc.,Apple,87112468,4833685
Apex Industries International,Target Corp;US Government;Apple,21223262,1392337
Vertex Solutions LLC,Apple,2643164,431480
Nova Energy International,US Government;Walmart Inc,82439501,15060013
Quantum Retail Corp.,Ford;Apple,7376767,1567805
Horizon Health Inc.,Walmart Inc,40891651,6824103
Vanguard Aerospace Corp.,Amazon,57150775,7403217
Sterling Foods Corp.,Apple;Walmart Inc;General Electric,33478117,5604399
Matrix Financial Co.,Target Corp;Walmart Inc;Apple,90259506,18452476
Global Logistics Co.,Ford;Walmart Inc,64803532,10142314
TechCorp Inc.,US Government;Ford,16367315,2951515
Apex Industries Ltd.,Walmart Inc;Target Corp,85246061,20673638
Vertex Solutions International,Walmart Inc;Amazon;Apple,69863835,9076431
Nova Energy Group,US Government;Walmart Inc,42284174,9801465
Quantum Retail Ltd.,Ford,7940435,997146
Horizon Health Co.,Target Corp;General Electric,18850021,4131734
Vanguard Aerospace LLC,Amazon;Target Corp,38788785,8421942
Sterling Foods Group,Ford;Apple,35264584,8116740
Matrix Financial LLC,Ford;Target Corp,64641425,9844356
Global Logistics Ltd.,General Electric;Target Corp,68382580,5158866
TechCorp Group,Walmart Inc;Apple;Target Corp,61384367,3300590
Apex Industries Inc.,General Electric;Target Corp;Ford,87792822,20696992
Vertex Solutions Group,US Government;Target Corp,4249935,885123
Nova Energy Ltd.,US Government;Target Corp;Ford,85117834,10135578
Quantum Retail LLC,Apple;Amazon,90081942,16362131
Horizon Health LLC,Apple,61927412,9277289
Vanguard Aerospace International,General Electric;Amazon;Apple,12887621,2828475
Sterling Foods Ltd.,General Electric;Apple;US Government,7534234,875282
Matrix Financial Co.,US Government;General Electric;Walmart Inc,49008813,3120094
Global Logistics Inc.,US Government;Amazon;Target Corp,29521479,6584810
TechCorp Incorporated,General Electric;Target Corp;US Government,26091582,2551717
Apex Industries Incorporated,Apple;Amazon;Ford,48051087,9448956
Vertex Solutions Ltd.,Ford;General Electric,78448412,6700566
Nova Energy Group,General Electric,57896269,9203144
Quantum Retail Ltd.,Walmart Inc;Apple;Target Corp,22577143,1142358
Horizon Health Corp.,Apple;Amazon,67879201,11401711
Vanguard Aerospace Co.,Target Corp;Amazon,43869506,2282286
Sterling Foods Inc.,Ford;General Electric,61305356,11035980
Matrix Financial Inc.,General Electric;Walmart Inc,69149585,13860982
Global Logistics Group,Apple,74498863,4364980
TechCorp LLC,Ford;Walmart Inc,77071378,7732430
Apex Industries Incorporated,US Government;Walmart Inc;Amazon,84491948,18758165
Vertex Solutions International,US Government,29806058,6060967
Nova Energy Inc.,Target Corp;Ford,64881173,4599414
Quantum Retail Co.,Ford,86372676,10123342
Horizon Health Ltd.,Target Corp;Ford,81055550,12209522
Vanguard Aerospace LLC,Amazon;Ford,97974488,5816312
Sterling Foods Incorporated,Walmart Inc,59057989,13347252
Matrix Financial Ltd.,Ford;Target Corp,48403225,11525955
Global Logistics Group,Target Corp;Ford;General Electric,62988200,7687074
TechCorp Incorporated,General Electric,82657155,16887657
Apex Industries Corp.,Walmart Inc;US Government,70439525,8540867
Vertex Solutions LLC,Ford,58546361,14024438
Nova Energy Corp.,Walmart Inc,75410676,4256946
Quantum Retail Corp.,Amazon,50121879,4285723
Horizon Health Inc.,Ford;General Electric,82940778,9025462
Vanguard Aerospace Ltd.,Target Corp,57479721,13168740
Sterling Foods International,Amazon,41945903,7637202
Matrix Financial Incorporated,Walmart Inc;Target Corp,78929263,16369505
Global Logistics Co.,Amazon;General Electric,89560433,4741873
TechCorp Group,General Electric,75517029,8067273
Apex Industries International,Ford;Amazon,19128148,2141971
Vertex Solutions Ltd.,Target Corp;Walmart Inc;Amazon,60493236,9950950
Nova Energy Ltd.,US Government,38422639,7225703
Quantum Retail LLC,Amazon,79543779,5304454
Horizon Health Incorporated,US Government,66801308,6631453
Vanguard Aerospace Incorporated,Walmart Inc,69536506,6315970
Sterling Foods Co.,Amazon,80893541,13512173
Matrix Financial Co.,Target Corp,75359373,7384056
Global Logistics Inc.,Target Corp;Apple,15529692,2453952
TechCorp Co.,Walmart Inc,97499013,20127689
Apex Industries Group,US Government;Amazon;Walmart Inc,10381550,604826
Vertex Solutions Group,Amazon;General Electric,7061622,863047
Nova Energy Group,Apple,26304419,3784522
Quantum Retail LLC,Apple,88816578,7366372
Horizon Health Group,Apple,95157711,8823156
Vanguard Aerospace LLC,Ford;Target Corp,42527770,2783384
Sterling Foods Corp.,Walmart Inc;US Government,4009081,538973
Matrix Financial Corp.,Apple;US Government,86839735,8411607
Global Logistics Co.,Amazon,32895605,6973160
TechCorp Co.,US Government;Walmart Inc;Amazon,43739663,7974194
Apex Industries Corp.,General Electric;Ford;US Government,58837497,11529999
Vertex Solutions Inc.,Ford,67324662,6522106
Nova Energy Corp.,Walmart Inc;Ford,43907980,7704277
Quantum Retail Incorporated,Ford,78664878,15717142
Horizon Health Inc.,Ford;Target Corp,44909036,10894475
Vanguard Aerospace Corp.,Target Corp;US Government,43965313,4258487
Sterling Foods Incorporated,General Electric;Apple;Amazon,75461452,13671648
Matrix Financial Inc.,Apple,81659257,10069835
Global Logistics Ltd.,Amazon;Target Corp;Ford,37785281,7215664
TechCorp International,Target Corp;Ford;General Electric,69928912,12030108
Apex Industries Co.,Amazon,32109138,7847173
Vertex Solutions International,Ford;US Government;Amazon,37962526,2837055
Nova Energy Incorporated,Ford;General Electric,82559092,10009594
Quantum Retail Inc.,Amazon;US Government;Target Corp,16220101,3501407
Horizon Health Group,Target Corp;Ford;Amazon,18439198,1743817
Vanguard Aerospace Inc.,Walmart Inc,63104115,6000630
Sterling Foods Ltd.,Target Corp;General Electric,66788154,4570025
Matrix Financial International,General Electric,43429613,3574546
Global Logistics Ltd.,General Electric;Ford,73650022,10092900
TechCorp Group,Amazon;Walmart Inc,45210060,6135800
Apex Industries Incorporated,Ford;Apple,65994208,4194003
Vertex Solutions Ltd.,Target Corp;US Government;Walmart Inc,4836745,398216
Nova Energy LLC,Walmart Inc;Ford;Apple,23463263,2626701
Quantum Retail Co.,Target Corp;Walmart Inc;General Electric,1385987,80742
Horizon Health Inc.,Ford;Amazon,76581145,18227860
Vanguard Aerospace Group,Target Corp;Ford,47422398,5924745
Sterling Foods Group,Ford,81525342,19323293
Matrix Financial Corp.,Target Corp;Walmart Inc,3978923,565671
Global Logistics LLC,General Electric,96324764,4982139
TechCorp Incorporated,Ford;Amazon;Apple,49804370,2807838
Apex Industries Group,Apple;Ford;Target Corp,85293715,13974006
Vertex Solutions Corp.,Target Corp;Walmart Inc,26888637,5680938
Nova Energy Group,General Electric;Apple,8284348,1391124
Quantum Retail LLC,Walmart Inc,38174325,7157038
Horizon Health Inc.,Walmart Inc,80848884,20099986
Vanguard Aerospace LLC,US Government,70030646,14779006
Sterling Foods Inc.,Amazon,97378461,9846188
Matrix Financial Group,Apple;Ford,42986788,5255216
Global Logistics Co.,Amazon;US Government,42448712,8508866
TechCorp International,Target Corp,63578095,7667259
Apex Industries Inc.,Amazon;Target Corp,48647370,6824971
Vertex Solutions Co.,Amazon,96744620,12495930
Nova Energy Co.,Ford;Amazon,31040287,2099932
Quantum Retail Co.,Ford;General Electric,69827107,4913278
Horizon Health Co.,Target Corp;Apple;Ford,50697426,4453642
Vanguard Aerospace Inc.,Apple;Amazon;US Government,91638794,8865884
Sterling Foods Corp.,Target Corp;US Government;General Electric,96703445,16160993
Matrix Financial Incorporated,Apple;Ford,44733977,9051930
Global Logistics Co.,Target Corp;Apple,13188860,1044073
TechCorp Group,Walmart Inc;General Electric,56260515,9033332
Apex Industries Corp.,Ford;Walmart Inc,83155387,10030288
Vertex Solutions LLC,Amazon;Ford;US Government,86084698,6109957
Nova Energy International,Apple,4168750,373336
Quantum Retail Incorporated,General Electric;Apple;Walmart Inc,43867617,2328079
Horizon Health International,General Electric,22114484,3300031
Vanguard Aerospace Co.,Apple;Ford;Target Corp,12494850,818579
Sterling Foods Ltd.,Target Corp;General Electric,49032871,11494259
Matrix Financial Co.,Target Corp;Apple;US Government,7934125,1840919
Global Logistics Incorporated,Ford;General Electric,66727327,10928100
TechCorp LLC,Amazon,55019225,5800575
Apex Industries Co.,US Government,70563253,8160635
Vertex Solutions LLC,Target Corp;US Government,67220952,7584808
Nova Energy Group,General Electric;Apple;Ford,4538497,660050
Quantum Retail Group,Amazon;US Government,77327280,10494887
Horizon Health Group,Walmart Inc,57015659,12977233
Vanguard Aerospace Co.,Amazon;US Government,32761798,7258704
Sterling Foods Inc.,Target Corp,20893875,3967484
Matrix Financial Group,Ford;Walmart Inc;General Electric,85096007,10766361
Global Logistics Group,Target Corp;US Government;Walmart Inc,38889873,8338787
TechCorp Ltd.,Amazon,21107809,1507047
Apex Industries Ltd.,Apple;General Electric,56276857,10534954
Vertex Solutions Incorporated,Target Corp;Walmart Inc,68215253,11083089
Nova Energy Co.,Walmart Inc;Apple;General Electric,8185674,736098
Quantum Retail Corp.,Apple;Amazon,91262149,17182908
Horizon Health Inc.,General Electric,7956914,1701285
Vanguard Aerospace LLC,Apple;Target Corp;Amazon,1752099,234374
Sterling Foods Co.,Ford;Apple;Amazon,84231797,13803112
Matrix Financial LLC,General Electric,80607296,7440475
Global Logistics LLC,Ford;Apple;Target Corp,4617703,359879
TechCorp Co.,Target Corp;Walmart Inc;Ford,44966970,6225917
Apex Industries Ltd.,Ford,73787970,14379520
Vertex Solutions Corp.,Target Corp,32673540,7090560
Nova Energy Co.,Ford;Walmart Inc;Target Corp,61967775,13311755
Quantum Retail Co.,Ford;Walmart Inc;Amazon,57712610,2924084
Horizon Health International,Ford;Target Corp;US Government,38829804,6368338
Vanguard Aerospace Group,Ford;Amazon,63371160,4839766
Sterling Foods Incorporated,Walmart Inc,87842590,15179256
Matrix Financial Inc.,US Government,65102194,4765608
Global Logistics Incorporated,Amazon;US Government;Walmart Inc,18758225,1841634
TechCorp Group,Ford;Walmart Inc,31822031,7151738
Apex Industries Inc.,Apple;US Government;Walmart Inc,16801030,1751725
Vertex Solutions International,Amazon;Ford,74198328,8344288
Nova Energy Inc.,Amazon;Ford;Target Corp,99493257,19289574
Quantum Retail Group,US Government;Walmart Inc,77365869,9112723
Horizon Health Inc.,Target Corp;Apple,12553894,1760838
Vanguard Aerospace Co.,General Electric;Amazon;Ford,61595250,13748809
Sterling Foods Inc.,Apple,95647748,21511713
Matrix Financial Group,General Electric;Amazon;Walmart Inc,4174780,811650
Global Logistics Corp.,US Government;Target Corp,28047570,3565810
TechCorp Co.,Apple,53648104,13266027
Apex Industries Group,Apple;Walmart Inc,84640197,13665684
Vertex Solutions Corp.,Target Corp;Ford,91903744,17290467
Nova Energy Group,Target Corp;General Electric,85678231,14116079
Quantum Retail Co.,US Government;Target Corp,1120609,198774
Horizon Health International,Apple;Target Corp;Walmart Inc,44670149,9744538
Vanguard Aerospace LLC,Walmart Inc;Amazon;Apple,10048445,883823
Sterling Foods Inc.,Amazon,89222353,9991972
Matrix Financial Incorporated,Apple;Walmart Inc;US Government,98171505,21919429
Global Logistics International,Target Corp,97412851,20607724
TechCorp Incorporated,Walmart Inc,2501812,465356
Apex Industries Incorporated,Amazon,6447303,1021503
Vertex Solutions Group,Apple,6042560,804886
Nova Energy Co.,Apple;Walmart Inc,68740236,4199555
Quantum Retail Inc.,US Government;Ford;Target Corp,36032476,3114655
Horizon Health International,General Electric;Apple;Amazon,2315776,464001
Vanguard Aerospace International,Ford;Target Corp;General Electric,14480361,1853419
Sterling Foods Inc.,Amazon;Ford,5285565,758551
Matrix Financial Inc.,Apple;US Government,30900113,5184005
Global Logistics Corp.,Apple;Target Corp;General Electric,14924437,3302571
TechCorp Corp.,Apple;US Government;Walmart Inc,67499967,6048710
Apex Industries Group,Apple,62535416,8071568
Vertex Solutions Co.,Ford,3534960,833850
Nova Energy Inc.,Amazon,49969020,6452717
Quantum Retail Incorporated,Target Corp;Amazon,92209744,7552869
Horizon Health International,US Government;Amazon;Walmart Inc,15032848,1614494
Vanguard Aerospace Co.,Walmart Inc;US Government;Amazon,77056733,14304946
Sterling Foods Incorporated,Target Corp;Walmart Inc,22101038,1353953
Matrix Financial Corp.,Amazon;Walmart Inc;General Electric,97792360,17528730
Global Logistics LLC,Target Corp;Apple;Amazon,45086567,5199402
TechCorp Corp.,Amazon;Ford,5282827,555491
Apex Industries LLC,US Government;General Electric;Walmart Inc,54582128,3222622
Vertex Solutions Co.,Apple;Amazon;Target Corp,49370609,9241169
Nova Energy Co.,US Government,32033820,4961090
Quantum Retail Ltd.,General Electric;Amazon,90695348,7678047
Horizon Health International,General Electric;Ford,96222173,13188285
Vanguard Aerospace Corp.,Apple,80278078,8762776
Sterling Foods Corp.,US Government;General Electric,43500423,4105011
Matrix Financial International,Walmart Inc;General Electric,42210101,3642091
Global Logistics Corp.,Ford,86306429,12619498
TechCorp Group,General Electric,45584828,6721183
Apex Industries LLC,Ford;Target Corp;General Electric,46066405,6659373
Vertex Solutions Incorporated,General Electric;Apple,2039150,151885
Nova Energy LLC,US Government;Amazon,48070585,5738975
Quantum Retail Corp.,Walmart Inc;Ford,81308427,19961693
Horizon Health Incorporated,Amazon,16403792,1767477
Vanguard Aerospace Co.,Target Corp;Apple;Ford,47295613,8717547
Sterling Foods Corp.,Walmart Inc;US Government;Ford,33905191,7995493
Matrix Financial Co.,Ford,59938907,9353799
Global Logistics Group,General Electric;Amazon,13171288,2749419
TechCorp Co.,Apple;Walmart Inc,27143962,2181369
Apex Industries Co.,US Government,26392343,2729232
Vertex Solutions Corp.,Walmart Inc;US Government,50677866,6589886
Nova Energy Ltd.,Apple,85148684,14940429
Quantum Retail Co.,Ford;Target Corp,54737006,6359960
Horizon Health Inc.,Walmart Inc;General Electric;Amazon,33319334,1708226
Vanguard Aerospace Group,Target Corp;Walmart Inc;Amazon,93421799,4956263
Sterling Foods Incorporated,Amazon;General Electric,68431765,5756865
Matrix Financial LLC,US Government;Ford;Target Corp,40175081,9747018
Global Logistics International,Target Corp,99338752,6062340
TechCorp Co.,General Electric,86914370,13168061
Apex Industries Corp.,Apple;Walmart Inc,15433602,2923282
Vertex Solutions Incorporated,General Electric,89717022,7167094
Nova Energy Inc.,General Electric;Ford,48299578,7584894
Quantum Retail Inc.,Ford;Walmart Inc;Target Corp,99082202,19398536
Horizon Health Incorporated,Target Corp;General Electric,41646788,3577897
Vanguard Aerospace International,Target Corp;Ford,28242401,2971343
Sterling Foods LLC,Walmart Inc,32421877,4496929
Matrix Financial Incorporated,Apple,88701196,14343356
Global Logistics Inc.,Walmart Inc,89388449,20316716
TechCorp Ltd.,US Government;Target Corp,8534734,1072816
Apex Industries Corp.,Apple;Walmart Inc;US Government,99949827,8966770
Vertex Solutions Ltd.,General Electric;Apple;Ford,64108643,5922494
Nova Energy Co.,General Electric;Amazon,48664111,3378373
Quantum Retail Group,Walmart Inc,36627423,4246738
Horizon Health Incorporated,Walmart Inc;Amazon,64096563,5444386
Vanguard Aerospace Co.,Apple;Target Corp;Amazon,37262178,6545184
Sterling Foods Co.,General Electric;Amazon;Apple,56049118,3385228
Matrix Financial Group,Apple;Walmart Inc;US Government,92236063,22746987
Global Logistics LLC,Target Corp;US Government,55975250,4600766
TechCorp Inc.,General Electric;Target Corp;Ford,40969524,4538466
Apex Industries LLC,Apple;Ford;Target Corp,86635919,6801035
Vertex Solutions Co.,Apple;Target Corp,66595810,15146758
Nova Energy Group,General Electric;US Government,64745737,7890952
Quantum Retail Group,Apple;General Electric;Target Corp,50462625,4944676
Horizon Health LLC,General Electric,69825955,11826130
Vanguard Aerospace LLC,Ford;US Government;Apple,87556780,6373412
Sterling Foods Ltd.,Apple,80341423,5255093
Matrix Financial Ltd.,US Government;Amazon;Ford,32845722,6628862
Global Logistics Ltd.,Amazon,7996980,1000174
TechCorp Ltd.,General Electric,39126296,8524361
Apex Industries LLC,Target Corp,91775677,22548117
Vertex Solutions Group,Ford;US Government;General Electric,77848397,15413176
Nova Energy Inc.,Apple,60734664,11555345
Quantum Retail Ltd.,US Government;Target Corp,42099031,3349259
Horizon Health Incorporated,US Government,88931193,15836654
Vanguard Aerospace LLC,Apple,60045646,3924588
Sterling Foods Inc.,Amazon,44405423,7784565
Matrix Financial Group,US Government,48885523,3205145
Global Logistics Co.,Target Corp,23084283,2734963
TechCorp Corp.,Target Corp,40783266,4409652
Apex Industries Inc.,Ford,28297271,2909030
Vertex Solutions Corp.,US Government,93781607,17210602
Nova Energy International,Amazon;Apple;Target Corp,34262462,3320066
Quantum Retail Corp.,Amazon;Target Corp;Walmart Inc,49806264,5746627
Horizon Health LLC,Amazon;Walmart Inc,34002443,7528173
Vanguard Aerospace Co.,Target Corp,7019705,1380304
Sterling Foods Inc.,Apple,61656845,14415193
Matrix Financial Group,Amazon;Target Corp;US Government,25541637,1830770
Global Logistics Co.,Ford;Target Corp;Apple,74979943,5271695
TechCorp Group,Ford;Walmart Inc;Apple,52795528,5129535
Apex Industries International,Amazon,28138856,4611287
Vertex Solutions Ltd.,Target Corp;Walmart Inc,5795158,965301
Nova Energy Corp.,General Electric;Apple,28033597,4446401
Quantum Retail Incorporated,General Electric;Target Corp;Walmart Inc,34551594,4249926
Horizon Health Inc.,Walmart Inc;Amazon;Ford,69216765,13674863
Vanguard Aerospace Incorporated,Ford,24041682,2457807
Sterling Foods Group,Walmart Inc;Apple,61395741,14557629
Matrix Financial Co.,Amazon,94940518,22875301
Global Logistics Corp.,Apple;US Government,29219619,2813753
TechCorp Incorporated,Apple;Amazon,39058165,3491392
Apex Industries LLC,US Government;Apple;Walmart Inc,84323842,12050066
Vertex Solutions Inc.,US Government;Walmart Inc;Target Corp,86666927,8800697
Nova Energy Inc.,Amazon,59188775,14518338
Quantum Retail LLC,Target Corp,90611153,8938503
Horizon Health LLC,General Electric,28944470,3446091
Vanguard Aerospace Inc.,General Electric;Target Corp;Walmart Inc,8267386,1766987
Sterling Foods Incorporated,Walmart Inc;Apple;Amazon,33234268,1880789
Matrix Financial International,Walmart Inc,42338642,9424081
Global Logistics LLC,Amazon;Walmart Inc,69249373,8238905
TechCorp Co.,US Government,63894054,11277854
Apex Industries Corp.,Ford;Walmart Inc,82544904,13634537
Vertex Solutions Group,General Electric;US Government;Walmart Inc,35600637,4005924
Nova Energy Inc.,Amazon;Ford,55167146,10868239
Quantum Retail LLC,Apple,39096856,4615131
Horizon Health Corp.,Apple;Ford;Amazon,19119907,1850198
Vanguard Aerospace Group,General Electric,20199545,3549984
Sterling Foods LLC,Apple;Ford,98633002,11751970
Matrix Financial Inc.,Apple,24154416,5809553
Global Logistics Corp.,Apple;Walmart Inc,34494978,5333000
TechCorp Ltd.,Target Corp,80406916,18219006
Apex Industries Corp.,US Government,62976855,5338985
Vertex Solutions Corp.,Ford;Walmart Inc;General Electric,48962902,6651546
Nova Energy Group,Target Corp;Ford,78664213,5708842
Quantum Retail Incorporated,Target Corp;General Electric;Ford,20161577,2864965
Horizon Health Co.,US Government;General Electric;Apple,51996612,8792609
Vanguard Aerospace Inc.,General Electric;Walmart Inc,7711232,1322303
Sterling Foods LLC,Target Corp;Ford,13774556,3415922
Matrix Financial Inc.,US Government;Target Corp,17609376,939985
Global Logistics LLC,Target Corp,12662979,2716476
TechCorp Group,General Electric,81106266,14011750
Apex Industries Group,General Electric;Walmart Inc,7423030,618320
Vertex Solutions Corp.,Apple;Walmart Inc;Amazon,18643755,1866614
Nova Energy Co.,Ford;Amazon;Target Corp,22526753,3528294
Quantum Retail Co.,General Electric;Apple,11073538,940186
Horizon Health Inc.,Apple;Target Corp,82461216,10548152
Vanguard Aerospace Corp.,Ford;Amazon;Walmart Inc,47450197,8605535
Sterling Foods International,Amazon;Ford;General Electric,62223223,13652758
Matrix Financial Inc.,General Electric,45379325,3917575
Global Logistics LLC,Apple;US Government,91965716,14061124
TechCorp Incorporated,Apple;General Electric;Target Corp,69759577,7284286
Apex Industries International,US Government,74835631,9764556
Vertex Solutions Corp.,General Electric;Walmart Inc,39548001,7048296
Nova Energy LLC,US Government,76652254,6606385
Quantum Retail International,Apple;Ford,29175458,6431524
Horizon Health Ltd.,Target Corp;General Electric;Apple,49831920,7693171
Vanguard Aerospace Inc.,General Electric;Ford;Target Corp,80271441,19681390
Sterling Foods Incorporated,Walmart Inc;Ford,16634619,2986678
Matrix Financial LLC,Ford;Amazon,91338016,11686741
Global Logistics Corp.,Amazon;Ford,79075284,14988867
TechCorp Corp.,Walmart Inc;General Electric;Target Corp,50027631,3746862
Apex Industries LLC,Walmart Inc;General Electric;Amazon,81116872,13759607
Vertex Solutions Ltd.,Walmart Inc,44649881,10406779
Nova Energy Inc.,US Government,10159105,1747629
Quantum Retail Inc.,General Electric,50738478,7153371
Horizon Health Inc.,Amazon,46769207,11639086
Vanguard Aerospace LLC,Walmart Inc;Amazon,54078286,13010489
Sterling Foods Inc.,General Electric;Apple;Target Corp,97143152,6350305
Matrix Financial Incorporated,Walmart Inc;Apple,91979451,14221712
Global Logistics Incorporated,US Government;Target Corp;Walmart Inc,59024340,14725752
TechCorp LLC,Ford,83431183,15534300
Apex Industries International,Amazon,25504684,4925629
Vertex Solutions Group,Ford;Walmart Inc;US Government,69551135,13779390
Nova Energy Incorporated,Amazon;Apple,14631240,1172809
Quantum Retail Group,US Government;Ford;General Electric,54634395,7158114
Horizon Health Co.,Walmart Inc;Ford;US Government,18822215,4000305
Vanguard Aerospace International,Amazon;Walmart Inc,24891613,3368112
Sterling Foods LLC,General Electric;US Government;Walmart Inc,51998632,11063053
Matrix Financial Ltd.,US Government;Walmart Inc,5406326,968339
Global Logistics Group,Target Corp;General Electric,24922797,1935320
TechCorp Ltd.,Amazon,13703443,1805724
Apex Industries Ltd.,Apple;US Government;General Electric,54924500,4209965
Vertex Solutions LLC,Ford;General Electric;Walmart Inc,30805067,6508943
Nova Energy Co.,Walmart Inc,85567911,11665077
Quantum Retail LLC,Ford,72751855,17737220
Horizon Health Co.,Ford,28766519,2763995
Vanguard Aerospace Inc.,Walmart Inc,1733680,220329
Sterling Foods Ltd.,General Electric;Ford;Apple,89494554,14711946
Matrix Financial Co.,Amazon,39144228,2616955
Global Logistics International,US Government,38257418,4984019
TechCorp Ltd.,US Government;Amazon,6510368,887859
Apex Industries Group,Ford;Apple;Target Corp,82985791,17172300
Vertex Solutions LLC,Amazon;Ford;US Government,70068498,9033829
Nova Energy LLC,Ford;US Government;Apple,24612444,4798159
Quantum Retail Corp.,Ford,7419164,659436
Horizon Health LLC,General Electric;Apple;Ford,5666655,867873
Vanguard Aerospace Inc.,Target Corp;Ford;Amazon,95290691,15593460
Sterling Foods Co.,Ford;Amazon;Target Corp,57990597,9727186
Matrix Financial International,US Government,5309214,350419
Global Logistics Inc.,US Government;Ford;Apple,3362507,787819
TechCorp Ltd.,US Government,38618883,3936770
Apex Industries Co.,General Electric;Target Corp,46910713,9621847
Vertex Solutions International,Walmart Inc,4406911,477420
Nova Energy LLC,Amazon,98470090,23230024
Quantum Retail LLC,General Electric,31567876,3369221
Horizon Health Co.,Apple;Walmart Inc,95840739,13101810
Vanguard Aerospace Inc.,Apple;Amazon;General Electric,21224474,4131112
Sterling Foods International,US Government;Target Corp,8167567,1152204
Matrix Financial Co.,Target Corp,56110995,7299551
Global Logistics Incorporated,Amazon;General Electric,10372480,1339564
TechCorp Ltd.,General Electric,18345918,3914570
Apex Industries Incorporated,Amazon,31101453,4349851
Vertex Solutions LLC,Apple,32467340,8001179
Nova Energy Corp.,General Electric;Amazon,17053304,3122430
Quantum Retail Inc.,Target Corp,41399998,5159294
Horizon Health Inc.,Walmart Inc,55219533,5204417
Vanguard Aerospace Group,Apple;General Electric,99107798,10740581
Sterling Foods International,General Electric,85673894,6764568
Matrix Financial Co.,Target Corp;Apple;Walmart Inc,39101187,7457922
Global Logistics LLC,Target Corp,31216227,3273396
TechCorp Corp.,Target Corp;US Government,31140515,3312808
Apex Industries Co.,Walmart Inc;General Electric;Apple,15671729,2089265
Vertex Solutions International,Target Corp;Apple,47308497,8242244
Nova Energy Ltd.,General Electric;Amazon;Walmart Inc,44123850,3843711
Quantum Retail Incorporated,General Electric;Apple;Walmart Inc,66849642,12640957
Horizon Health Group,Amazon,47278414,9646880
Vanguard Aerospace Incorporated,Ford,4696196,483687
Sterling Foods Ltd.,General Electric;Ford;Amazon,11233515,2253149
Matrix Financial Incorporated,General Electric,82962909,11878568
Global Logistics Co.,Apple;Target Corp,63410151,14780518
TechCorp Group,Walmart Inc,27753591,6533683
Apex Industries Incorporated,US Government,8917352,1377116
Vertex Solutions Corp.,US Government;Ford,49714683,9205982
Nova Energy LLC,Ford,22243922,3664981
Quantum Retail Co.,Ford;US Government,69273519,13726704
Horizon Health LLC,Amazon;Walmart Inc;General Electric,23926602,2667397
Vanguard Aerospace Incorporated,US Government;Apple;Ford,59558918,13645192
Sterling Foods Co.,Target Corp;US Government,9914038,1870464
Matrix Financial Incorporated,Apple;Amazon,34148448,7156835
Global Logistics Group,Amazon;Target Corp,61911058,8650940
TechCorp Incorporated,Target Corp;General Electric;Walmart Inc,17984361,2774284
Apex Industries Group,Ford;General Electric;Walmart Inc,87866969,21699030
Vertex Solutions Incorporated,US Government;Target Corp;Apple,72800370,7973077
Nova Energy Inc.,Apple;US Government,10987818,2603461
Quantum Retail Co.,Ford;General Electric;Apple,82692946,15796732
Horizon Health Co.,General Electric;Amazon,30663527,5538835
Vanguard Aerospace Incorporated,Walmart Inc;Apple,56674885,6814278
Sterling Foods Incorporated,Walmart Inc;General Electric,55342950,9006125
Matrix Financial LLC,Amazon,2209386,374565
Global Logistics Incorporated,Ford;Amazon;Walmart Inc,73459631,3770386
TechCorp Incorporated,Amazon;Walmart Inc;General Electric,40295251,3483621
Apex Industries Incorporated,Apple,99880500,5618299
Vertex Solutions Incorporated,Amazon;Walmart Inc,44127210,2882131
Nova Energy Incorporated,US Government;Ford;Amazon,27218362,5917973
Quantum Retail Ltd.,Amazon,7206969,467006
Horizon Health Group,Walmart Inc;Amazon;Target Corp,15897011,3163964
Vanguard Aerospace Incorporated,Apple,36491667,6125896
Sterling Foods International,Target Corp;Walmart Inc,34256756,5989283
Matrix Financial LLC,Target Corp,77182865,14823831
Global Logistics Incorporated,Apple,62674416,4584100
TechCorp Inc.,Walmart Inc;General Electric;US Government,18125390,951701
Apex Industries Corp.,Ford,68527659,15185229
Vertex Solutions Ltd.,Apple;General Electric;Ford,84695427,9942489
Nova Energy Group,General Electric;Apple,86711079,15244938
Quantum Retail Incorporated,Apple;General Electric;Amazon,13124361,3126667
Horizon Health Corp.,Ford;Target Corp,86411945,17841189
Vanguard Aerospace Group,Target Corp,21588690,3109310
Sterling Foods Corp.,Target Corp,11805201,2936717
Matrix Financial Corp.,US Government;Ford,49295992,4580760
Global Logistics LLC,Ford;General Electric,10946574,2137579
TechCorp LLC,Apple;Amazon,53798011,10273662
Apex Industries LLC,Walmart Inc,36145430,3952890
Vertex Solutions Incorporated,US Government;Walmart Inc;Target Corp,89310433,9394893
Nova Energy Incorporated,Apple;Amazon;Walmart Inc,9758403,1310959
Quantum Retail Corp.,Ford;Target Corp,37256152,4165914
Horizon Health Group,Walmart Inc;US Government;Ford,49097502,10737726
Vanguard Aerospace Ltd.,General Electric;Walmart Inc,59323624,9121738
Sterling Foods Group,Amazon;General Electric,5170209,426409
Matrix Financial Co.,Walmart Inc;General Electric,68382440,14880174
